note_id,note,topic
orbit-000,array apogee into solar array under reduce array attitude nozzle,orbit
orbit-001,downlink apogee thruster mooring telemetry downlink from after while gyro telemetry,orbit
orbit-002,seedling after into roast burn telemetry apogee groundtrack uplink broth attitude,orbit
orbit-003,under satellite nozzle solar delta before after gyro apogee array,orbit
orbit-004,station herb satellite with telemetry barnacle mulch whisk gyro window gyro groundtrack and,orbit
orbit-005,apogee solar thruster after gyro hose groundtrack chart the eclipse,orbit
orbit-006,nozzle inclination inclination solar seedling apogee solar pollinator delta thruster nozzle solar perigee station while,orbit
orbit-007,and pan into perigee with burn sear before telemetry nozzle with nozzle,orbit
orbit-008,burn uplink cloth uplink after satellite under groundtrack perigee hose gyro groundtrack,orbit
orbit-009,window with delta eclipse window groundtrack sear ladle thruster and,orbit
orbit-010,telemetry apogee solar perigee ladle groundtrack zest while fender burn with,orbit
orbit-011,under from station with groundtrack nozzle before and with window,orbit
garden-000,cover hose under cloth harvest and sprout skillet bed drip,garden
garden-001,trellis before tomato while watering mulch pollinator raised raised into watering raised seedling,garden
garden-002,pollinator trellis dough watering drip tomato solar harvest under after before trellis from pollinator,garden
garden-003,stock and while the after pollinator barnacle trellis cloth under,garden
garden-004,delta plate tomato the blossom the under hose watering compost slug drip,garden
garden-005,shade watering slug row buoy plate after bed simmer broth reduce blossom channel,garden
garden-006,harvest roast slug harvest tomato tomato delta while bed under drip sprout before across mulch,garden
garden-007,raised cloth sprout compost before into soil pollinator shade cloth seedling pollinator while and,garden
garden-008,drip seedling dock harvest mooring mince from the cover eclipse shade blossom,garden
garden-009,watering blossom harvest across row into soil into shade barnacle trellis reduce shade while,garden
garden-010,slug wake under soil drip into under garnish mulch the cover the,garden
garden-011,under pollinator downlink under slug cover harvest under and watering,garden
kitchen-000,stock roast skillet the whisk stock into simmer simmer roast and from zest,kitchen
kitchen-001,herb roast broth compost mince roast across butter roast across telemetry harvest roast,kitchen
kitchen-002,fold sear dough anchor simmer broth dough mince stock fold reduce skillet,kitchen
kitchen-003,ladle garnish mince rest stock ladle tomato sear the knife the downlink,kitchen
kitchen-004,delta plate simmer roast from butter eclipse knife zest wake butter anchor,kitchen
kitchen-005,into dough while skillet zest mince butter broth soil knife pan after with,kitchen
kitchen-006,into solar zest mince with dough mince fold fold thruster rest reduce ladle herb roast,kitchen
kitchen-007,broth winch sear before current plate the from into plate telemetry before delta stock sear,kitchen
kitchen-008,zest herb whisk zest knife broth fold mince broth current zest fender with,kitchen
kitchen-009,zest pan reduce zest fold knife whisk plate the from,kitchen
kitchen-010,broth butter herb garnish under groundtrack fold across ladle while roast whisk,kitchen
kitchen-011,ladle reduce tide cloth drip under into reduce ladle current ladle,kitchen
harbor-000,cleat current buoy channel wake telemetry from with current row,harbor
harbor-001,pier winch pollinator channel solar wake winch pilot cover burn from dock,harbor
harbor-002,mooring anchor chart barnacle mooring foghorn barnacle cleat after berth slip,harbor
harbor-003,across across the with mooring tomato under groundtrack under into raised channel,harbor
harbor-004,the cleat dock dock wake barnacle ladle cloth fender wake,harbor
harbor-005,array across chart while from tide across and while harvest fender,harbor
harbor-006,barnacle dock barnacle cleat mooring mooring current pilot skillet roast tide into pilot,harbor
harbor-007,under apogee while cleat wake dough tide before into into tide,harbor
harbor-008,across dock channel tide pier winch skillet buoy soil berth the cloth foghorn mooring winch,harbor
harbor-009,winch gangway gangway current slip dock pier after berth channel from across,harbor
harbor-010,cleat fender fender pilot fold buoy gangway slip before berth chart the fender with,harbor
harbor-011,roast gangway row wake channel pier winch after watering from from simmer gangway with line,harbor
